{"_id":{"$oid":"5aededf76aaa5eb12e1c4814"},"author_name":"Queenie Quigley","profile_photo_url":"https://s3.amazonaws.com/uifaces/faces/twitter/overra/128.jpg","rating":2,"relative_time_description":"3 weeks ago","text":"Ut explicabo in nam sunt necessitatibus. Qui quo sequi laborum. Hic illo aperiam et consequatur enim incidunt. Ipsum odit delectus minus. Quos nihil non quae rerum sed. Aut occaecati autem corporis consequatur nobis soluta quae nihil possimus.","stores_id":2}
{"_id":{"$oid":"5aededf76aaa5eb12e1c4815"},"author_name":"Selena Borer","profile_photo_url":"https://s3.amazonaws.com/uifaces/faces/twitter/vc27/128.jpg","rating":3,"relative_time_description":"a day ago","text":"Et doloremque perferendis dolores. Sunt autem perferendis tempora autem. Reiciendis quo ipsum blanditiis voluptatum et est. Natus dolor modi corporis et aperiam provident ullam qui placeat. Facilis impedit modi consequatur qui ipsum omnis et.","stores_id":2}
{"_id":{"$oid":"5aededf76aaa5eb12e1c4816"},"author_name":"Francis Schinner","profile_photo_url":"https://s3.amazonaws.com/uifaces/faces/twitter/matt3224/128.jpg","rating":4,"relative_time_description":"3 weeks ago","text":"Beatae nemo quia omnis labore labore et ipsam aliquam ea. Expedita sint tempora totam et deserunt nulla architecto ipsam et. Neque nesciunt illum. Vitae saepe et ducimus omnis.","stores_id":2}
{"_id":{"$oid":"5aededf76aaa5eb12e1c4817"},"author_name":"Levi Wolff","profile_photo_url":"https://s3.amazonaws.com/uifaces/faces/twitter/sindresorhus/128.jpg","rating":4,"relative_time_description":"a month ago","text":"Aut sunt ut ipsa dignissimos ullam sequi laboriosam est cumque. Voluptates et et quaerat necessitatibus quibusdam corporis officia. Voluptatem modi quibusdam incidunt in. Perferendis autem assumenda a.","stores_id":2}
{"_id":{"$oid":"5aededf76aaa5eb12e1c4818"},"author_name":"Eileen Goodwin","profile_photo_url":"https://s3.amazonaws.com/uifaces/faces/twitter/hasslunsford/128.jpg","rating":1,"relative_time_description":"6 days ago","text":"Dolores quisquam deserunt rerum nam quasi. Dolore magni quis et. Aut quidem qui corporis aliquid. Aut modi aut sapiente iusto nesciunt repudiandae delectus praesentium. Voluptates eligendi quaerat.","stores_id":2}
{"_id":{"$oid":"5aededf76aaa5eb12e1c4819"},"author_name":"Meda Bradtke","profile_photo_url":"https://s3.amazonaws.com/uifaces/faces/twitter/croakx/128.jpg","rating":1,"relative_time_description":"2 weeks ago","text":"Maxime velit asperiores. Aspernatur placeat blanditiis repellendus error debitis est. Natus molestiae ut dolores dolorum nobis quia labore repellendus. Autem aut incidunt sunt.","stores_id":12}
{"_id":{"$oid":"5aededf76aaa5eb12e1c481a"},"author_name":"Skye Lueilwitz","profile_photo_url":"https://s3.amazonaws.com/uifaces/faces/twitter/ryankirkman/128.jpg","rating":5,"relative_time_description":"a month ago","text":"Tempora quia consequatur magnam aliquid deleniti eligendi. Odio iste odio. Sit minus illo nihil. Aut commodi voluptatum hic odit molestiae necessitatibus. Consequatur eum officiis enim quod.","stores_id":12}
{"_id":{"$oid":"5aededf76aaa5eb12e1c481b"},"author_name":"Virginie Bins","profile_photo_url":"https://s3.amazonaws.com/uifaces/faces/twitter/raquelwilson/128.jpg","rating":2,"relative_time_description":"3 weeks ago","text":"Possimus commodi aut veniam debitis similique perspiciatis facere. Eos fugiat ab neque asperiores magni. Eius ipsa doloribus vitae. Soluta illo omnis voluptatum qui omnis deleniti. Est veniam dolorem veritatis omnis possimus ratione mollitia. Ducimus sed placeat unde adipisci qui voluptatibus ut quia sit.","stores_id":12}
{"_id":{"$oid":"5aededf76aaa5eb12e1c481c"},"author_name":"Nannie Doyle","profile_photo_url":"https://s3.amazonaws.com/uifaces/faces/twitter/divya/128.jpg","rating":3,"relative_time_description":"3 weeks ago","text":"Qui blanditiis facere architecto autem quae molestias unde culpa facilis. Labore ad et id repellendus voluptatibus doloremque sed similique. Occaecati voluptatem blanditiis optio et odio cum harum repellendus.","stores_id":20}
{"_id":{"$oid":"5aededf76aaa5eb12e1c481d"},"author_name":"Reva Gusikowski","profile_photo_url":"https://s3.amazonaws.com/uifaces/faces/twitter/kijanmaharjan/128.jpg","rating":3,"relative_time_description":"3 months ago","text":"Est exercitationem modi. Autem totam dolorem cum dolor quia. Tempora exercitationem consequatur consequatur eos et ullam porro est voluptatem. Fugiat in repudiandae dolorem nam pariatur culpa.","stores_id":20}
{"_id":{"$oid":"5aededf76aaa5eb12e1c481e"},"author_name":"Eli Mohr","profile_photo_url":"https://s3.amazonaws.com/uifaces/faces/twitter/jonathansimmons/128.jpg","rating":3,"relative_time_description":"4 days ago","text":"Tempora repellat omnis vero eius rerum. Iure ex architecto laboriosam minima itaque consequatur. Ex inventore voluptas quia similique illo architecto odio.","stores_id":20}
{"_id":{"$oid":"5aededf76aaa5eb12e1c481f"},"author_name":"Isabelle Carroll","profile_photo_url":"https://s3.amazonaws.com/uifaces/faces/twitter/jjshaw14/128.jpg","rating":4,"relative_time_description":"5 days ago","text":"Itaque voluptas minus ut iste est architecto. Iste sed perspiciatis. Modi optio tempora illo aut incidunt tempore rerum itaque. Ipsam sunt hic itaque. Maiores itaque provident.","stores_id":20}
{"_id":{"$oid":"5aededf76aaa5eb12e1c4820"},"author_name":"Ernestina Howe","profile_photo_url":"https://s3.amazonaws.com/uifaces/faces/twitter/dmackerman/128.jpg","rating":1,"relative_time_description":"a week ago","text":"Quas sunt sunt provident. Nulla quam suscipit neque illo nam corporis. Tempore aperiam omnis cumque qui. Rerum nulla nemo. Dolores explicabo harum minima placeat repellendus minima recusandae nisi.","stores_id":20}
{"_id":{"$oid":"5aededf76aaa5eb12e1c4821"},"author_name":"Kaley Barton","profile_photo_url":"https://s3.amazonaws.com/uifaces/faces/twitter/posterjob/128.jpg","rating":3,"relative_time_description":"2 days ago","text":"Deserunt quasi voluptatibus ut repellat beatae. Quisquam et temporibus qui voluptatibus rerum molestiae facilis et eum. Nulla qui ut nemo a molestiae provident. Est ab molestiae quas odit cum sit. Facere voluptatem illo in placeat voluptates eligendi natus deleniti sapiente. Et voluptatem id vel possimus explicabo voluptatum dignissimos dolor.","stores_id":33}
{"_id":{"$oid":"5aededf76aaa5eb12e1c4822"},"author_name":"Roscoe Crona","profile_photo_url":"https://s3.amazonaws.com/uifaces/faces/twitter/mikaeljorhult/128.jpg","rating":4,"relative_time_description":"3 weeks ago","text":"Voluptatem commodi commodi ipsa quo est necessitatibus quasi dolore ut. Laborum accusantium ea quisquam voluptas. Consequatur atque nihil quaerat voluptate eos porro qui. Et dolorem sed rem optio modi voluptatem omnis exercitationem rem. Doloribus animi asperiores magni quia ex sunt pariatur earum soluta.","stores_id":33}
{"_id":{"$oid":"5aededf76aaa5eb12e1c4823"},"author_name":"Myles Ward DVM","profile_photo_url":"https://s3.amazonaws.com/uifaces/faces/twitter/thehacker/128.jpg","rating":1,"relative_time_description":"a day ago","text":"Nihil id repellendus porro deleniti et quasi officiis. Ut similique labore earum aliquam quia similique. Ut repellendus ea consequuntur est architecto. Et sit aut ut voluptatem vitae omnis ad. Suscipit deleniti architecto in amet sunt voluptas.","stores_id":33}
{"_id":{"$oid":"5aededf76aaa5eb12e1c4824"},"author_name":"Hassan Luettgen","profile_photo_url":"https://s3.amazonaws.com/uifaces/faces/twitter/baumann_alex/128.jpg","rating":1,"relative_time_description":"2 days ago","text":"Delectus atque enim itaque commodi maiores. Est et quia porro molestias suscipit dignissimos quos sapiente fugit. Beatae et a. Nihil aliquid doloremque nobis deserunt eius ut. Eos vel optio voluptatem quam iure doloribus culpa consequatur. Hic voluptas aliquam.","stores_id":34}
{"_id":{"$oid":"5aededf76aaa5eb12e1c4825"},"author_name":"Jamil Leffler","profile_photo_url":"https://s3.amazonaws.com/uifaces/faces/twitter/myastro/128.jpg","rating":4,"relative_time_description":"a week ago","text":"Excepturi quaerat aut fugiat qui mollitia ad dolorum. Odio esse suscipit. Labore et ullam. Cupiditate deserunt laudantium veritatis consequatur suscipit ut harum.","stores_id":34}
{"_id":{"$oid":"5aededf76aaa5eb12e1c4826"},"author_name":"Lenna Welch","profile_photo_url":"https://s3.amazonaws.com/uifaces/faces/twitter/mahmoudmetwally/128.jpg","rating":3,"relative_time_description":"2 weeks ago","text":"Provident repudiandae nihil. Sint soluta non hic nesciunt. Doloribus omnis rem. Nisi asperiores iste iusto facere eligendi sed. Dolorem delectus est commodi sit. Alias velit debitis temporibus accusantium commodi labore ratione cupiditate.","stores_id":34}
{"_id":{"$oid":"5aededf76aaa5eb12e1c4827"},"author_name":"Adrian Schiller","profile_photo_url":"https://s3.amazonaws.com/uifaces/faces/twitter/fran_mchamy/128.jpg","rating":4,"relative_time_description":"2 days ago","text":"Voluptas non qui delectus quis molestias velit quis. Beatae omnis esse. Eveniet suscipit saepe eveniet vitae nesciunt aliquam.","stores_id":34}
{"_id":{"$oid":"5aededf76aaa5eb12e1c4828"},"author_name":"Magnus Bailey","profile_photo_url":"https://s3.amazonaws.com/uifaces/faces/twitter/chrisslowik/128.jpg","rating":3,"relative_time_description":"6 days ago","text":"Accusantium est quasi dolores blanditiis consectetur vitae et cupiditate. Id natus excepturi quas. Quam repellendus dolorum officiis quibusdam accusantium ullam totam.","stores_id":34}
